Model,Accuracy,F1-score
SVM,0.3183256010122311,0.28097707199473054
