{
    "C": 0.29941196824192823,
    "gamma": 0.004924984733692329
}