{
    "C": 10.884684702983844,
    "gamma": 0.008398636860424611
}