Model,Accuracy,F1-score
RandomForest,0.8223807413549097,0.820203679875218
