{
    "C": 2.0155284114104446,
    "gamma": 0.0378404660017823
}