,precision,recall,f1-score,support
1.0,0.45327552986512526,0.5502923976608187,0.497094558901215,1710.0
2.0,0.5830670926517572,0.5297532656023222,0.5551330798479087,1378.0
3.0,0.5709362435381964,0.6006042296072508,0.585394581861013,1655.0
4.0,0.637490882567469,0.6328747284576394,0.6351744186046512,1381.0
5.0,0.8463564530289728,0.6625429553264605,0.7432536622976099,1455.0
accuracy,0.5941417073492545,0.5941417073492545,0.5941417073492545,0.5941417073492545
macro avg,0.6182252403303041,0.5952135153308983,0.6032100603024795,7579.0
weighted avg,0.6115966012378982,0.5941417073492545,0.5993459643049899,7579.0
