{
    "C": 0.10767774759127509,
    "gamma": 0.009412463792950618
}