,precision,recall,f1-score,support
18.0,0.423337091319053,0.4088187261839956,0.4159512600387704,1837.0
21.0,0.47556818181818183,0.4507269789983845,0.462814487144042,1857.0
27.0,0.4119154388212684,0.3391350210970464,0.3719988429273937,1896.0
31.0,0.40641158221303,0.5868591338974615,0.48024439918533607,2009.0
35.0,0.4549731182795699,0.35915119363395226,0.4014230655203083,1885.0
accuracy,0.4309363137916491,0.4309363137916491,0.4309363137916491,0.4309363137916491
macro avg,0.4344410824902207,0.42893821076216804,0.42648641096317014,9484.0
weighted avg,0.4339832580153475,0.4309363137916491,0.4270721478255131,9484.0
