,precision,recall,f1-score,support
1.0,0.7449284316754197,0.8954078475058794,0.8132658797077009,8079.0
2.0,0.684424666242848,0.7286139685977261,0.7058283616337769,7388.0
3.0,0.8117580553985303,0.6243478260869565,0.7058245269107889,6900.0
4.0,0.7820208295267678,0.6433188035472719,0.7059211611413492,6653.0
5.0,0.7046008119079837,0.7741599762117157,0.7377444035137433,6726.0
accuracy,0.7388798746712919,0.7388798746712919,0.7388798746712919,0.7388798746712919
macro avg,0.7455465589503099,0.7331696843899099,0.733716866581472,35746.0
weighted avg,0.7446390213084658,0.7388798746712919,0.7361323380713964,35746.0
