,precision,recall,f1-score,support
1.0,0.8195968645016797,0.9059289516029212,0.8606032100652595,8079.0
2.0,0.7441623070052316,0.78938819707634,0.7661083743842364,7388.0
3.0,0.8450751252086811,0.7336231884057971,0.7854150504266874,6900.0
4.0,0.7757969481794833,0.7718322561250563,0.7738095238095238,6653.0
5.0,0.8025117739403453,0.760035682426405,0.7806963958460599,6726.0
accuracy,0.7961729983774408,0.7961729983774408,0.7961729983774408,0.7961729983774408
macro avg,0.7974286037670841,0.7921616551273039,0.7933265109063534,35746.0
weighted avg,0.797557316739341,0.7961729983774408,0.7953702392541117,35746.0
