,precision,recall,f1-score,support
1.0,0.6356331690593529,0.7343730659735116,0.6814448974903807,8079.0
2.0,0.47607092421151737,0.4106659447753113,0.44095632584841216,7388.0
3.0,0.543746051800379,0.4989855072463768,0.5204050785973398,6900.0
4.0,0.4741286657454322,0.46415151059672327,0.46908704238189275,6653.0
5.0,0.512510425354462,0.548171275646744,0.5297413793103448,6726.0
accuracy,0.5367034073742517,0.5367034073742517,0.5367034073742517,0.5367034073742517
macro avg,0.5284178472342288,0.5312694608477334,0.5283269447256741,35746.0
weighted avg,0.5316920285477058,0.5367034073742517,0.53258687167019,35746.0
