{
    "C": 2.967272019421747,
    "gamma": 0.0033750692997134213
}