Model,Accuracy,F1-score
RandomForest,0.5385301837270341,0.5386981603541349
