{
    "C": 8.845563673297852,
    "gamma": 0.009929527982026213
}