,precision,recall,f1-score,support
1.0,0.8227603456116417,0.8957791805916574,0.8577185185185185,8079.0
2.0,0.735713400272716,0.8033297238765565,0.7680362342284051,7388.0
3.0,0.8067135050741608,0.748840579710145,0.7767004885381436,6900.0
4.0,0.7796530707923113,0.7498872689012476,0.7644805393809377,6653.0
5.0,0.8167461753577892,0.7381801962533452,0.7754783287778212,6726.0
accuracy,0.7915011469814804,0.7915011469814804,0.7915011469814804,0.7915011469814804
macro avg,0.7923172994217238,0.7872033898665904,0.7884828218887653,35746.0
weighted avg,0.7925172403586618,0.7915011469814804,0.7907164227707929,35746.0
