Model,Accuracy,F1-score
SVM_Optuna,0.7028679881906369,0.7019956918458898
