{
    "C": 2.9691726013792477,
    "gamma": 0.00911022446249761
}