,precision,recall,f1-score,support
1.0,0.5901324630447303,0.7609852704542641,0.664756446991404,8079.0
2.0,0.4289817232375979,0.444775311315647,0.436735778841042,7388.0
3.0,0.5589846603360117,0.4436231884057971,0.4946670976082741,6900.0
4.0,0.46056428342417444,0.43183526228768976,0.4457373361259794,6653.0
5.0,0.5376217668794088,0.475914362176628,0.5048895899053628,6726.0
accuracy,0.5194707100095115,0.5194707100095115,0.5194707100095115,0.5194707100095115
macro avg,0.5152569793843848,0.5114266789280053,0.5093572498944124,35746.0
weighted avg,0.5168178111729471,0.5194707100095115,0.5139526694390386,35746.0
