{
    "C": 9.769203024228936,
    "gamma": 0.09419261731060925
}