{
    "C": 1.5374882869090076,
    "gamma": 0.003733679117993586
}