{
    "C": 1.9685447638950053,
    "gamma": 0.02629372609377627
}