,precision,recall,f1-score,support
1.0,0.5716339242932439,0.6976608187134503,0.6283908348696339,1710.0
2.0,0.7726887192536047,0.6611030478955007,0.7125537739538522,1378.0
3.0,0.6664856056491038,0.7413897280966767,0.7019450800915332,1655.0
4.0,0.8028887000849617,0.6842867487328023,0.7388584831899921,1381.0
5.0,0.8532818532818532,0.7594501718213058,0.8036363636363636,1455.0
accuracy,0.7099881250824647,0.7099881250824647,0.7099881250824647,0.7099881250824647
macro avg,0.7333957605125535,0.7087781030519471,0.717076907148275,7579.0
weighted avg,0.725109794743978,0.7099881250824647,0.7135269837792925,7579.0
