{
    "C": 9.768016418186319,
    "gamma": 0.01833534402837662
}