{
    "C": 8.859063447074456,
    "gamma": 0.06722117767039268
}