{
    "C": 2.8546038281476545,
    "gamma": 0.015576594821476246
}