{
    "C": 0.18292695232479783,
    "gamma": 0.01075961492958714
}