{
    "C": 5.70619475920662,
    "gamma": 0.034857994410484726
}