{
    "C": 95.3378335797172,
    "gamma": 0.0008543049290621536
}