,precision,recall,f1-score,support
1.0,0.53258523953388,0.7216374269005847,0.6128631735783462,1710.0
2.0,0.774798927613941,0.6291727140783745,0.6944333199839807,1378.0
3.0,0.6707246376811594,0.6990936555891238,0.6846153846153846,1655.0
4.0,0.8163090128755365,0.6886314265025344,0.7470542026708562,1381.0
5.0,0.8435754189944135,0.7264604810996563,0.7806499261447563,1455.0
accuracy,0.6948146193429212,0.6948146193429212,0.6948146193429212,0.6948146193429212
macro avg,0.7275986473397861,0.6929991408340548,0.7039232013986648,7579.0
weighted avg,0.7181907822450523,0.6948146193429212,0.7000252143718739,7579.0
