,precision,recall,f1-score,support
1.0,0.5493021161638901,0.7134502923976608,0.6207071991859577,1710.0
2.0,0.757847533632287,0.6132075471698113,0.6778981147212194,1378.0
3.0,0.6809290953545232,0.6731117824773414,0.676997872986934,1655.0
4.0,0.8160136286201022,0.6937002172338885,0.7499021526418786,1381.0
5.0,0.7913468248429868,0.7793814432989691,0.7853185595567868,1455.0
accuracy,0.6954743369837709,0.6954743369837709,0.6954743369837709,0.6954743369837709
macro avg,0.7190878397227578,0.6945702565155342,0.7021647798185554,7579.0
weighted avg,0.7110281863132586,0.6954743369837709,0.6985404102705849,7579.0
