{
    "C": 8.832527288560394,
    "gamma": 0.01157625859869992
}