,precision,recall,f1-score,support
18.0,0.7416366443643849,0.7844311377245509,0.7624338624338625,1837.0
21.0,0.7189721159103335,0.708131394722671,0.7135105805751493,1857.0
27.0,0.7225336322869955,0.6798523206751055,0.7005434782608696,1896.0
31.0,0.6915584415584416,0.7421602787456446,0.7159663865546219,2009.0
35.0,0.7279909706546276,0.6843501326259946,0.7054963084495488,1885.0
accuracy,0.719738506959089,0.719738506959089,0.719738506959089,0.719738506959089
macro avg,0.7205383609549566,0.7197850528987934,0.7195901232548104,9484.0
weighted avg,0.7200596151975843,0.719738506959089,0.7193217629921237,9484.0
