{
    "C": 5.801048739382556,
    "gamma": 0.013542303112619974
}