{
    "C": 3.564526898867664,
    "gamma": 0.003145128122525698
}