accuracy,loss,val_accuracy,val_loss,epoch
0.5112097859382629,1.4140076637268066,0.30588072538375854,4.175778865814209,1
0.7578257322311401,0.6355371475219727,0.7724359035491943,0.7171287536621094,2
0.8162013292312622,0.47610336542129517,0.7258918881416321,0.9834352731704712,3
0.8489142656326294,0.4068452715873718,0.7107023596763611,1.2880669832229614,4
0.8809221386909485,0.3265986144542694,0.775083601474762,1.2267217636108398,5
0.9148336052894592,0.24306587874889374,0.7423355579376221,0.9228520393371582,6
0.9387337565422058,0.18277333676815033,0.7073578834533691,1.793553113937378,7
