{
    "C": 9.31118561158572,
    "gamma": 0.016763058797247737
}