{
    "C": 3.3281689121658258,
    "gamma": 0.14872556543447474
}