,precision,recall,f1-score,support
1.0,0.6087684729064039,0.7648223790073029,0.6779307696527511,8079.0
2.0,0.4691003161828112,0.44179750947482405,0.45503973232956924,7388.0
3.0,0.5594993141289437,0.47289855072463766,0.5125667609173735,6900.0
4.0,0.48483876143109256,0.45423117390650836,0.4690361632779761,6653.0
5.0,0.5268522744561083,0.5148676776687482,0.5207910369200692,6726.0
accuracy,0.5368712583226095,0.5368712583226095,0.5368712583226095,0.5368712583226095
macro avg,0.529811827821072,0.5297234581564043,0.5270728926195478,35746.0
weighted avg,0.5319123698833996,0.5368712583226095,0.5314968105359502,35746.0
