accuracy,loss,val_accuracy,val_loss
0.4740552604198456,1.4099456071853638,0.6311315298080444,0.9430845379829407
0.6826001405715942,0.8340187072753906,0.6782330274581909,0.8849509954452515
0.7343485355377197,0.684192955493927,0.7038740515708923,0.8755731582641602
0.7737591862678528,0.5959265828132629,0.7088907361030579,0.9488865733146667
0.7978708148002625,0.5326465964317322,0.7020624279975891,1.0071308612823486
0.8180344104766846,0.4901033341884613,0.7023411393165588,1.0157604217529297
0.8279751539230347,0.45584210753440857,0.729236364364624,0.9718946218490601
0.8463056683540344,0.41298508644104004,0.7098662257194519,1.02462899684906
