{
    "C": 1.9542880012070292,
    "gamma": 0.018438510732594157
}