,precision,recall,f1-score,support
1.0,0.8705035971223022,0.9136031687089986,0.8915327938156782,8079.0
2.0,0.8014852141625779,0.818083378451543,0.8096992430839306,7388.0
3.0,0.842297729696785,0.8011594202898551,0.8212136967986333,6900.0
4.0,0.7816208393632417,0.811814219149256,0.7964314679643146,6653.0
5.0,0.8495122341276188,0.7897710377639012,0.818553047230141,6726.0
accuracy,0.8299110389973703,0.8299110389973703,0.8299110389973703,0.8299110389973703
macro avg,0.8290839228945052,0.8268862448727108,0.8274860497785396,35746.0
weighted avg,0.830301806896381,0.8299110389973703,0.8296137276642989,35746.0
