,precision,recall,f1-score,support
1.0,0.4936358605423354,0.5216374269005848,0.5072504975831674,1710.0
2.0,0.5756578947368421,0.634978229317852,0.6038647342995169,1378.0
3.0,0.6019358741681791,0.6012084592145015,0.601571946795647,1655.0
4.0,0.7015873015873015,0.6401158580738595,0.6694433926542976,1381.0
5.0,0.760268857356236,0.6996563573883161,0.7287043664996421,1455.0
accuracy,0.6153846153846154,0.6153846153846154,0.6153846153846154,0.6153846153846154
macro avg,0.6266171576781788,0.6195192661790229,0.6221669875664543,7579.0
weighted avg,0.621277348353145,0.6153846153846154,0.6174814230361935,7579.0
