Model,Accuracy,F1-score
RandomForest,0.713095740194011,0.7130168638332517
