Model,Accuracy,F1-score
RandomForest,0.8504448050131483,0.8480259159363726
