{
    "C": 0.09755227471155362,
    "gamma": 0.004937774844307438
}