,precision,recall,f1-score,support
1.0,0.46806167400881055,0.7456140350877193,0.5751014884979703,1710.0
2.0,0.7571277719112989,0.5203193033381712,0.6167741935483871,1378.0
3.0,0.5764002175095161,0.6404833836858006,0.6067544361763022,1655.0
4.0,0.7642585551330798,0.5821868211440985,0.6609124537607891,1381.0
5.0,0.8731563421828908,0.6103092783505155,0.7184466019417476,1455.0
accuracy,0.6259400976382108,0.6259400976382108,0.6259400976382108,0.6259400976382108
macro avg,0.6878009121491192,0.619782564321261,0.6355978347850393,7579.0
weighted avg,0.6760170780765238,0.6259400976382108,0.6327453332077951,7579.0
