{
    "C": 0.9227839402349604,
    "gamma": 0.01590379210875219
}