{
    "C": 4.895002636239678,
    "gamma": 0.030544612424969596
}